Workbook

Sheet E1 - P1
A2: Informe de inventario de los componentes del equipo de cómputo
A4: UNIDAD DE ADSCRIPCIÓN: | C4: Colegio de Estudios Cientificos y Tecnológicos del Estado de México Plantel | D4: Valle de Chalco Solidaridad I | F4: FECHA DE ELABORACIÓN: | G4: 45670
A5: NOMBRE DEL RESPONSABLE: | C5: Técnico | D5: Luis Ernesto Domguinguez Espinoza
A8: No | B8: Nombre | C8: No. de Serie | D8: Modelo | E8: Tipo | F8: Capacidad | G8: Estado Operativo
A9: 1 | B9: CPU | C9: MJ04NQ4X | D9: 10GRA01GLS | E9: Torre | F9: 512 | G9: Regular
A10: 2 | B10: Teclado | C10: 0F2JV2-LO300-9BR-0H60-A03 | D10: 0F2JV2 | E10: USB alámbrico | F10: N/A | G10: Regular
A11: 3 | B11: Mouse | C11: 0PRDV9-LO300-9BG-0KDT | D11: MS116T1 | E11: USB alámbrico | F11: N/A | G11: Regular
A12: 4 | B12: Monitor | C12: OJF44Y-FCC00-9AV-C56I-A07 | D12: E2216H | E12: LED | F12: 22 pulgadas | G12: Regular
A13: 5 | B13: CPU | C13: MJ04YSV2 | D13: 10GRA03ELD | E13: Torre | F13: 512 GB | G13: Excelente
A14: 6 | B14: Teclado | C14: 110117543775 | D14: KB-0833 | E14: USB Alambrico | F14: N/A | G14: Regular
A15: 7 | B15: Mouse | C15: 10071405951E | D15: MSB0846 | E15: USB Alambrico | F15: N/A | G15: Regular
A16: 8 | B16: Monitor | C16: CN-0JF44Y-FCC00-9B9-CVYB-A07 | D16: E2216H | E16: LED | F16: 22 pulgadas | G16: Excelente
A17: Nombre y firma de quien levanta el inventario
A20: =CONCATENATE(C5," ", D5) -> Técnico Luis Ernesto Domguinguez Espinoza
A21: (Nombre y Firma)

Sheet E1 - P2
A2: Informe de configuración del sistema
A4: UNIDAD DE ADSCRIPCIÓN: | C4: Colegio de Estudios Cientificos y Tecnológicos del Estado de México Plantel | E4: =+'E1 - P1'!D4 -> Valle de Chalco Solidaridad I | F4: FECHA DE ELABORACIÓN: | G4: =+'E1 - P1'!G4 -> 45670
A5: NOMBRE DEL RESPONSABLE: | C5: Técnico | D5: =+'E1 - P1'!D5:G5 -> Luis Ernesto Domguinguez Espinoza
A7: Proceso para acceso al BIOS: | C7: AL ENCENDER LA PC PRESIONAR LOS BOTONES F10 O F12 SEGÚN EL MODELO
A11: Estado actual de la configuración del sistema: | C11: ORDEN DE ARRANQUE SATA 1: WDC WD5000AAKK-08ANVAO USB HDD: USB CROM:
A16: No. | B16: Nombre del Equipo | C16: Grupo de Trabajo/dominio | D16: IP del Sistema | E16: Mascara de Subred | F16: Puerta de enlace | G16: DNS
A17: 1 | B17: PC01B | C17: SCB | D17: 192.168.1.228 | E17: 255.255.255.0 | F17: 192.168.1.254 | G17: 8.8.8.8
A18: 2 | B18: PC02B | C18: SCB | D18: 192.168.1.156 | E18: 255.255.255.0 | F18: 192.168.1.254 | G18: 8.8.8.8
A19: 3 | B19: PC03B | C19: SCB | D19: 192.168..1.143 | E19: 255.255.255.0 | F19: 192.168.1.254 | G19: 8.8.8.8
A26: Nombre y firma de quien realiza el informe
A30: =CONCATENATE(C5," ",D5) -> Técnico Luis Ernesto Domguinguez Espinoza
A31: (Nombre y Firma)

Sheet E1 - P3
A2: Bitácora de diagnóstico del equipo de cómputo
A4: UNIDAD DE ADSCRIPCIÓN: | B4: Colegio de Estudios Cientificos y Tecnológicos del Estado de México Plantel | D4: =+'E1 - P2'!E4 -> Valle de Chalco Solidaridad I | E4: FECHA DE ELABORACIÓN: | F4: =+'E1 - P2'!G4 -> 45670
A5: NOMBRE DEL RESPONSABLE | B5: Técnico | D5: =+'E1 - P2'!D5:G5 -> Luis Ernesto Domguinguez Espinoza
A7: REPORTE NO. | B7: MAY-0515
A9: Descripción del equipo: | B9: Acer Laptop Ryzen5 Aspire 3 Modelo 2024 8GB RAM 512GB SSD al conectar el cargador el equipo no carga y no prende el equipo
A11: No. | B11: Acciones correctivas/preventivas recomendadas | E11: Justificación
A12: 1 | B12: Reiniciar la laptop y el router o modem | E12: La laptop y el router o modem pueden experimentar problemas de conexión debido a la sobrecarga de trabajo o la acumulación de datos.
A13: 2 | B13: Verificar la configuración de la red Wi-Fi | E13: La configuración de la red Wi-Fi es fundamental para establecer una conexión a internet. Verificar la configuración de la red Wi-Fi puede resolver el problema
A14: 3 | B14: Verificar la configuración de la red Wi-Fi | E14: Los controladores de la tarjeta de red son fundamentales para establecer una conexión a internet. Desinstalar y volver a instalar los controladores
A15: 4 | B15: Actualizar regularmente los controladores de la tarjeta de red | E15: Los controladores de la tarjeta de red son fundamentales para establecer una conexión a internet. Actualizar regularmente los controladores
A16: 5 | B16: Utilizar un antivirus y un firewall | E16: Los malware y virus pueden dañar la laptop y afectar la conexión a internet. Utilizar un antivirus y un firewall puede prevenir problemas de internet
A17: 6 | B17: Realizar copias de seguridad regulares de los datos | E17: La pérdida de datos puede ser un problema grave en caso de que la laptop se dañe o se pierda la conexión a internet. Realizar copias de seguridad regulares.
A20: Nombre y firma del Responsable
A24: =CONCATENATE(B5," ",D5) -> Técnico Luis Ernesto Domguinguez Espinoza
A25: (Nombre y Firma)

Sheet E2 - P1
A2: Plan de proyección para la mejora de la red LAN
A4: UNIDAD DE ADSCRIPCIÓN: | C4: Colegio de Estudios Cientificos y Tecnológicos del Estado de México Plantel | E4: =+'E1 - P3'!D4 -> Valle de Chalco Solidaridad I | F4: FECHA DE ELABORACIÓN: | G4: =+'E1 - P3'!F4 -> 45670
A5: NOMBRE DEL RESPONSABLE: | C5: Técnico | D5: =+'E1 - P3'!C5:G5 -> Luis Ernesto Domguinguez Espinoza
A7: Nombre del proyecto: | C7: Inventar un nombre para el proyecto de proyección. Ejemplo: MEJORA DE LA RED interna del negocio/escuela/empresa…
A8: Alcance del proyecto: | C8: TENER UNA RED FUNCIONANDO EN SU TOTALIDAD PARA ENVIAR Y RECIBIR INFORMACION
A9: Lugar: | C9: Colocar MUNICIPIO y Estado donde se realizará la actividad propuesta | E9: Empresa solicitante: | G9: Soriana
A10: Fecha: | C10: 45585 | E10: Representante de la empresa: | G10: Lic. Luis Ernesto Dominguez Espinoza
A11: Estado actual de la red LAN: | C11: Inventar estado actual de la red. Ejemplo SE IDENTIFICAN 5 NODOS DEFICIENTES
A12: Mejora de la red LAN | C12: EJEMPLO.- MANTENIMIENTO A TODA LA RED ESTRUCTURAL Y REPARACION DE LOS NODOS DEFICIENTES
A13: Requerimientos | C13: SWITCH CABLE UTP CAT , CONECTORES RJ45, PINZAS PONCHADORAS RJ45, PINZAS DE ALTO IMPACTO, PELA CABLES, PINZAS DE CORTE, TESTER
A14: Cronograma de actividades
A16: No. | B16: Actividad | D16: Descripción | E16: Duración (días) | F16: Fecha inicio | G16: Fecha final
A17: 1 | B17: Extraccion y elaboracion del nuevo cable de red | D17: Elaboracion de cables de acuerdo al diseño del CC2 | E17: 4 | F17: =+C10 -> 45585 | G17: =IFERROR((F17+E17)," ") -> 45589
A18: 2 | B18: Tendido de cable | D18: Colocacion de cable | E18: 3 | F18: =IF(E18<= 0," ",G17+1) -> 45590 | G18: =IFERROR((F18+E18)," ") -> 45593
A19: 3 | B19: Conexiones | D19: Ponchado de cable | E19: 3 | F19: =IF(E19<= 0," ",G18+1) -> 45594 | G19: =IFERROR((F19+E19)," ") -> 45597
A20: 4 | B20: Configuracion | D20: Configuracion | E20: 1 | F20: =IF(E20<= 0," ",G19+1) -> 45598 | G20: =IFERROR((F20+E20)," ") -> 45599
F21: =IF(E21<= 0," ",G20+1) | G21: =IFERROR((F21+E21)," ")
F22: =IF(E22<= 0," ",G21+1) | G22: =IFERROR((F22+E22)," ")
F23: =IF(E23<= 0," ",G22+1) | G23: =IFERROR((F23+E23)," ")
F24: =IF(E24<= 0," ",G23+1) | G24: =IFERROR((F24+E24)," ")
B26: Autorización del proyecto | F26: Nombre y firma del encargado del proyecto
B29: =+G10 -> Lic. Luis Ernesto Dominguez Espinoza | F29: =CONCATENATE(C5," ",D5) -> Técnico Luis Ernesto Domguinguez Espinoza
B30: (Nombre y Firma) | F30: (Nombre y Firma)

Sheet E2 - P2
A2: Plan de construcción de la red LAN
A4: UNIDAD DE ADSCRIPCIÓN: | C4: Colegio de Estudios Cientificos y Tecnológicos del Estado de México Plantel | D4: =+'E2 - P1'!E4 -> Valle de Chalco Solidaridad I | F4: FECHA DE ELABORACIÓN: | G4: =+'E2 - P1'!G4 -> 45670
A5: NOMBRE DEL RESPONSABLE: | C5: Técnico | D5: =+'E2 - P1'!D5:G5 -> Luis Ernesto Domguinguez Espinoza
A7: Nombre del proyecto: | C7: Desarrollo de una red alámbrica para el departamento de ventas de la empresa Soriana
A8: Alcance del proyecto: | C8: TODOS LOS EQUIPOS CONECTADOS A LA RED ESTEN CONECTADOS ENTRE SI PARA TENER ACCESO A LA INFORMACION
A9: Lugar: | C9: Valle de Chalco Solidaridad, Av. Alfredo del Mazo | E9: Empresa solicitante: | G9: =+'E2 - P1'!G9 -> Soriana
A10: Fecha: | C10: 45701 | E10: Representante de la empresa: | G10: =+'E2 - P1'!G10 -> Lic. Luis Ernesto Dominguez Espinoza
A11: Requerimientos: | C11: SWITCH, CABLE UTP, JACK'S CONECTORES RJ45, PONZAS PONCHADORAS RJ45, PINZAS DE ALTO IMPACTO, PELA CABLES, PINZAS DE CORTE
A13: Cronograma de actividades
A15: No. | B15: Actividad | C15: Descripción | D15: Duración (días) | E15: Fecha inicio | F15: Fecha final | G15: Recursos a utilizar
A16: 1 | B16: Diseñar la propuesta a realizar | C16: Se hará un plano donde se presente lo solicitado | D16: 8 | E16: =+C10 -> 45701 | F16: =IFERROR((D16+E16)," ") -> 45709 | G16: Hojas milimetrícas, Draw.io
A17: 2 | B17: Armado del Switch y rack | C17: Se hará el armado de switch y los jacks para instalarlo | D17: 2 | E17: =IF(D17<= 0," ",F16+1) -> 45710 | F17: =IFERROR((D17+E17)," ") -> 45712 | G17: Switch, Rack
A18: 3 | B18: Ponchado de cables ethernet | C18: Se realizarán los cables directos para la conexión | D18: 1 | E18: =IF(D18<= 0," ",F17+1) -> 45713 | F18: =IFERROR((D18+E18)," ") -> 45714 | G18: Cable UTP, conectores RJ45, Pela cables, pinzas de corte , pinzas ponchadoras y pela cables
A19: 4 | B19: Acomodado de los equipos | C19: Se organizarán los equipos en su lugar | D19: 1 | E19: =IF(D19<= 0," ",F18+1) -> 45715 | F19: =IFERROR((D19+E19)," ") -> 45716 | G19: Equipos
A20: 5 | B20: Configuración de equipos | C20: Se hara la configuracion para la conexión entre los equipos | D20: 2 | E20: =IF(D20<= 0," ",F19+1) -> 45717 | F20: =IFERROR((D20+E20)," ") -> 45719 | G20: Tabla de direcciones
A21: 6 | B21: Pruebas de conexión | C21: Se harán pruebas de conexión mediante el CMD entre los equipos | D21: 1 | E21: =IF(D21<= 0," ",F20+1) -> 45720 | F21: =IFERROR((D21+E21)," ") -> 45721 | G21: Tabla de direcciones
A22: 7 | B22: Corrección de errores | C22: Se revisara y en caso de haber errores se corregirán | D22: 1 | E22: =IF(D22<= 0," ",F21+1) -> 45722 | F22: =IFERROR((D22+E22)," ") -> 45723 | G22: Repuesto de materiales.
E23: =IF(D23<= 0," ",F22+1) | F23: =IFERROR((D23+E23)," ")
B25: Autorización del proyecto | E25: Nombre y firma del encargado del proyecto
B28: =+G10 -> Lic. Luis Ernesto Dominguez Espinoza | E28: =CONCATENATE(C5," ",D5) -> Técnico Luis Ernesto Domguinguez Espinoza
B29: (Nombre y Firma) | E29: (Nombre y Firma)

Sheet E2 - P3
A2: Inventario de los componentes de la red y su estado funcional
A4: UNIDAD DE ADSCRIPCIÓN: | C4: Colegio de Estudios Cientificos y Tecnológicos del Estado de México Plantel | E4: =+'E2 - P2'!D4 -> Valle de Chalco Solidaridad I | F4: FECHA DE ELABORACIÓN: | G4: =+'E2 - P2'!G4 -> 45670
A5: NOMBRE DEL RESPONSABLE: | C5: Técnico | D5: =+'E2 - P2'!D5:G5 -> Luis Ernesto Domguinguez Espinoza
A7: No | B7: Nombre | C7: No. de Serie | D7: Modelo | E7: Tipo | F7: Capacidad | G7: Estado Operativo
A8: 1 | B8: CPU | C8: MJ04NQ4X | D8: 10GRA01GLS | E8: Torre | F8: 512 | G8: Regular
A9: 2 | B9: Teclado | C9: 0F2JV2-LO300-9BR- 0H60-A03 | D9: 0F2JV2 | E9: USB alámbrico | F9: N/A | G9: Regular
A10: 3 | B10: Mouse | C10: 0PRDV9-LO300- 9BG-0KDT | D10: MS116T1 | E10: USB alámbrico | F10: N/A | G10: Regular
A11: 4 | B11: Monitor | C11: OJF44Y-FCC00-9AV-C56I-A07 | D11: E2216H | E11: LED | F11: 22 pulgadas | G11: Regular
A12: 5 | B12: CPU | C12: MJ04YSV2 | D12: 10GRA03ELD | E12: Torre | F12: 512 GB | G12: Excelente
A13: 6 | B13: Teclado | C13: 110117543775 | D13: KB-0833 | E13: USB Alambrico | F13: N/A | G13: Regular
A14: 7 | B14: Mouse | C14: 10071405951E | D14: MSB0846 | E14: USB Alambrico | F14: N/A | G14: Regular
A15: 8 | B15: Monitor | C15: CN-0JF44Y-FCC00-9B9-CVYB-A07 | D15: E2216H | E15: LED | F15: 22 pulgadas | G15: Excelente
A16: 9 | B16: switch
A17: 10 | B17: router
A19: Nombre y firma de quien levanta el inventario
A22: =CONCATENATE(C5," ",D5) -> Técnico Luis Ernesto Domguinguez Espinoza
A23: (Nombre y Firma)

Sheet E2 - P4
A2: Informe de configuración de los nodos de la red
A4: UNIDAD DE ADSCRIPCIÓN: | C4: Colegio de Estudios Cientificos y Tecnológicos del Estado de México Plantel | E4: =+'E2 - P3'!E4 -> Valle de Chalco Solidaridad I | F4: FECHA DE ELABORACIÓN: | G4: =+'E2 - P3'!G4 -> 45670
A5: NOMBRE DEL RESPONSABLE: | C5: Técnico | D5: =+'E2 - P3'!D5:G5 -> Luis Ernesto Domguinguez Espinoza
A7: Pasos para acceder a la administración de los equipos | C7: SE ENCIENDE EL EQUIPO, ESPERA A QUE INICIE EL SISTEMA OPERATIVO, EN LA BARRA DE BUSQUEDA SE ESCRIBE: ADMINISTRACION DE EQUIPOS, Y SE DA DOBLE CLICK
A14: No. | B14: Nombre del equipo | C14: Grupo de Trabajo / dominio | D14: IP del Sistema | E14: Mascara de Subred | F14: Puerta de enlace | G14: DNS
A15: 1 | B15: PC11A | C15: SCA | D15: 192.168.1.93 | E15: 255.255.255.0 | F15: 192.168.1.254 | G15: 8.8.8.8
A16: 2 | B16: PC12A | C16: SCA | D16: 192.168.1.98 | E16: 255.255.255.0 | F16: 192.168.1.255 | G16: 8.8.8.8
A17: 3 | B17: PC13A | C17: SCA | D17: 192.168.1.91 | E17: 255.255.255.0 | F17: 192.168.1.256 | G17: 8.8.8.8
A23: Nombre y firma de quien realiza el informe
A27: =CONCATENATE(C5,D5) -> Técnico Luis Ernesto Domguinguez Espinoza
A28: (Nombre y Firma)

Sheet E2 - P5
A2: Informe de configuración del grupo de trabajo de la red
A4: UNIDAD DE ADSCRIPCIÓN: | C4: Colegio de Estudios Cientificos y Tecnológicos del Estado de México Plantel | D4: =+'E2 - P4'!E4 -> Valle de Chalco Solidaridad I | E4: FECHA DE ELABORACIÓN:
A5: NOMBRE DEL RESPONSABLE: | C5: Técnico | D5: =+'E2 - P4'!D5 -> Luis Ernesto Domguinguez Espinoza | E5: =+'E2 - P4'!G4 -> 45670
A7: No. | B7: Nombre del Equipo | C7: Grupo de Trabajo/dominio | E7: IP de red
A8: 1 | B8: PC11A | C8: SCA | E8: 192.168.1.93
A9: 2 | B9: PC12A | C9: SCA | E9: 192.168.1.98
A10: 3 | B10: PC13A | C10: SCA | E10: 192.168.1.91
A13: Nombre y firma de quien realiza el informe
A20: =CONCATENATE(C5," ",D5) -> Técnico Luis Ernesto Domguinguez Espinoza
A21: (Nombre y Firma)
